<?xml version="1.0" encoding="UTF-8" ?>
<extension version="2.5" type="plugin" group="vmpayment">
    
    <name>2Can</name>
    <creationDate>August 2018</creationDate>
    <author>2Can.ru</author>
    <authorUrl>http://2Can.ru/</authorUrl>
    <copyright>2Can.ru</copyright>
    <license></license>
    <version>0.1.0</version>
    <description><![CDATA[<a href="https://2Can.ru/" target="_blank">2Can.ru</a>]]></description>
    
    <files>
        <filename plugin="twocanpayments">twocanpayments.php</filename>
        <folder>js</folder>
        <folder>language</folder>
    </files>

    <vmconfig>
        <fields name="params">
            <fieldset name="basic" addfieldpath="/administrator/components/com_virtuemart/fields">
                
                <field type="text" name="login"  size="50" label="COM_VIRTUEMART_PLUGIN_TWOCANPAYMENTS_XML_LOGIN" default="" description="" />
                <field type="text" name="password"  size="50" label="COM_VIRTUEMART_PLUGIN_TWOCANPAYMENTS_XML_PASSWORD" default="" description="" />
                <field type="text" name="terminalid"  size="50" label="COM_VIRTUEMART_PLUGIN_TWOCANPAYMENTS_XML_TERMINALID" default="" description="" />

                <field type="list" name="scheme" label="COM_VIRTUEMART_PLUGIN_TWOCANPAYMENTS_SCHEME"
                     default="test" description="" >
                     <option value="test">COM_VIRTUEMART_PLUGIN_TWOCANPAYMENTS_SCHEME_TEST</option>
                     <option value="prod">COM_VIRTUEMART_PLUGIN_TWOCANPAYMENTS_SCHEME_PROD</option>
                </field>

                <field type="list" name="paymentscheme" label="COM_VIRTUEMART_PLUGIN_TWOCANPAYMENTS_PAYMENTSCHEME"
                     default="1" description="" >
                     <option value="1">COM_VIRTUEMART_PLUGIN_TWOCANPAYMENTS_PAYMENTSCHEME_ONESTEP</option>
                     <option value="0">COM_VIRTUEMART_PLUGIN_TWOCANPAYMENTS_PAYMENTSCHEME_TWOSTEP</option>
                </field>

                <field type="checkbox" name="force3d" label="COM_VIRTUEMART_PLUGIN_TWOCANPAYMENTS_FORCE3D"
                     default="" description="" />         
                
                 <field name="status_pending" type="vmorderstate" scope="com_virtuemart" default="P" label="COM_VIRTUEMART_PLUGIN_TWOCANPAYMENTS_XML_STATUS_PENDING_LABEL" description="COM_VIRTUEMART_PLUGIN_TWOCANPAYMENTS_XML_STATUS_PENDING_DESCRIPTION" />

                <field name="status_auth" type="vmorderstate" scope="com_virtuemart" default="" label="COM_VIRTUEMART_PLUGIN_TWOCANPAYMENTS_XML_STATUS_AUTH_LABEL" description="COM_VIRTUEMART_PLUGIN_TWOCANPAYMENTS_XML_STATUS_AUTH_DESCRIPTION" />

                <field name="status_confirmed" type="vmorderstate" scope="com_virtuemart" default="C" label="COM_VIRTUEMART_PLUGIN_TWOCANPAYMENTS_XML_STATUS_CONFIRMED_LABEL" description="COM_VIRTUEMART_PLUGIN_TWOCANPAYMENTS_XML_STATUS_CONFIRMED_DESCRIPTION" />               

                <field name="status_success" type="vmorderstate" scope="com_virtuemart" default="C" label="COM_VIRTUEMART_PLUGIN_TWOCANPAYMENTS_XML_STATUS_SUCCESS_LABEL" description="COM_VIRTUEMART_PLUGIN_TWOCANPAYMENTS_XML_STATUS_SUCCESS_DESCRIPTION" />

                <field name="status_refund" type="vmorderstate" scope="com_virtuemart" default="R" label="COM_VIRTUEMART_PLUGIN_TWOCANPAYMENTS_XML_STATUS_REFUND_LABEL" description="COM_VIRTUEMART_PLUGIN_TWOCANPAYMENTS_XML_STATUS_REFUND_DESCRIPTION" />              

                <field name="status_canceled" type="vmorderstate" scope="com_virtuemart" default="X" label="COM_VIRTUEMART_PLUGIN_TWOCANPAYMENTS_XML_STATUS_CANCELED_LABEL" description="COM_VIRTUEMART_PLUGIN_TWOCANPAYMENTS_XML_STATUS_CANCELED_DESCRIPTION" />

            </fieldset>
        </fields>
    </vmconfig>

</extension>
