<?xml version="1.0"?>
<addon scheme="3.0" edition_type="VENDOR">
    <id>twocan</id>
    <name>2can&amp;ibox</name>
    <description>Модуль оплаты через 2can&amp;ibox</description>
    <version>1.0.0</version>

    <auto_install>MULTIVENDOR,ULTIMATE</auto_install>
    <status>active</status>

    <compatibility>
        <core_edition>
            ULTIMATE,MULTIVENDOR
        </core_edition>
    </compatibility>

    <functions>
        <item for="install">fn_twocan_install</item>
        <item for="uninstall">fn_twocan_uninstall</item>
    </functions>
</addon>
